dropoffLocationID,avgTripTimes,sum(total_amount)
1,2022.0,282.4
100,2022.0,221.80000000000004
107,2022.0,237.48000000000008
113,2022.0,379.44
