dropoffLocationID,avgTripTimes,sum(total_amount)
93,2022.0,98.52000000000001
94,2022.0,67.6
95,2022.0,560.61
97,2022.0,759.8899999999999
98,2022.0,76.6
