dropoffLocationID,avgTripTimes,sum(total_amount)
1,2022.0,835.78
10,2022.0,601.8599999999999
100,2022.0,2337.9499999999994
101,2022.0,74.86
102,2022.0,72.02
