dropoffLocationID,avgTripTimes,sum(total_amount)
100,2022.0,77.67999999999999
106,2022.0,69.25999999999999
