dropoffLocationID,avgTripTimes,sum(total_amount)
100,2022.0,80.38
107,2022.0,147.63000000000002
113,2022.0,240.64000000000001
114,2022.0,105.47000000000001
