dropoffLocationID,avgTripTimes,sum(total_amount)
100,2022.0,55.150000000000006
107,2022.0,120.86999999999999
