dropoffLocationID,avgTripTimes,sum(total_amount)
80,2022.0,59.510000000000005
87,2022.0,68.39999999999999
90,2022.0,22.33
