dropoffLocationID,avgTripTimes,sum(total_amount)
100,2022.0,91.66999999999999
106,2022.0,25.55
107,2022.0,89.10000000000001
112,2022.0,21.8
113,2022.0,103.94999999999999
